{
  "summary": {
    "total_apps_tested": 25,
    "avg_bypass_success_rate": 0.29,
    "most_common_protection": "Root Detection",
    "protection_adoption_rate": 0.64,
    "apps_with_strong_protection": 5,
    "completely_unprotected_apps": 9
  },
  "protection_analysis": {
    "Promon SHIELD": {
      "apps_using": 4,
      "total_bypass_attempts": 16,
      "successful_bypasses": 5,
      "avg_effectiveness": 0.6875
    },
    "Root Detection": {
      "apps_using": 12,
      "total_bypass_attempts": 48,
      "successful_bypasses": 9,
      "avg_effectiveness": 0.8125
    },
    "SSL Pinning": {
      "apps_using": 9,
      "total_bypass_attempts": 36,
      "successful_bypasses": 8,
      "avg_effectiveness": 0.7777777777777778
    },
    "Anti Debug": {
      "apps_using": 4,
      "total_bypass_attempts": 16,
      "successful_bypasses": 4,
      "avg_effectiveness": 0.75
    }
  },
  "bypass_analysis": {
    "root_detection": {
      "total_attempts": 25,
      "successful_attempts": 11,
      "success_rate": 0.44,
      "avg_execution_time": 0,
      "most_successful_technique": null
    },
    "ssl_pinning": {
      "total_attempts": 25,
      "successful_attempts": 11,
      "success_rate": 0.44,
      "avg_execution_time": 0,
      "most_successful_technique": null
    },
    "anti_debug": {
      "total_attempts": 25,
      "successful_attempts": 4,
      "success_rate": 0.16,
      "avg_execution_time": 0,
      "most_successful_technique": null
    },
    "tampering": {
      "total_attempts": 25,
      "successful_attempts": 3,
      "success_rate": 0.12,
      "avg_execution_time": 0,
      "most_successful_technique": null
    }
  },
  "bank_categories": {
    "major_banks": {
      "app_count": 5,
      "avg_protection_count": 3.2,
      "avg_bypass_success_rate": 0.25,
      "effectiveness_score": 0.75,
      "apps": [
        {
          "app_name": "DNB Mobile",
          "protection_count": 4,
          "bypass_success_rate": 0.5,
          "protections": [
            "Promon SHIELD",
            "Root Detection",
            "SSL Pinning",
            "Anti Debug"
          ]
        },
        {
          "app_name": "Nordea Mobile",
          "protection_count": 3,
          "bypass_success_rate": 0.0,
          "protections": [
            "Root Detection",
            "SSL Pinning",
            "Anti Debug"
          ]
        },
        {
          "app_name": "Handelsbanken",
          "protection_count": 3,
          "bypass_success_rate": 0.25,
          "protections": [
            "Promon SHIELD",
            "Root Detection",
            "SSL Pinning"
          ]
        },
        {
          "app_name": "Danske Bank",
          "protection_count": 3,
          "bypass_success_rate": 0.25,
          "protections": [
            "Promon SHIELD",
            "SSL Pinning",
            "Anti Debug"
          ]
        },
        {
          "app_name": "Vipps",
          "protection_count": 3,
          "bypass_success_rate": 0.25,
          "protections": [
            "Promon SHIELD",
            "SSL Pinning",
            "Anti Debug"
          ]
        }
      ]
    },
    "regional_banks": {
      "app_count": 7,
      "avg_protection_count": 1.2857142857142858,
      "avg_bypass_success_rate": 0.17857142857142858,
      "effectiveness_score": 0.8214285714285714,
      "apps": [
        {
          "app_name": "Sparebank 1",
          "protection_count": 2,
          "bypass_success_rate": 0.0,
          "protections": [
            "Root Detection",
            "SSL Pinning"
          ]
        },
        {
          "app_name": "Skandiabanken",
          "protection_count": 1,
          "bypass_success_rate": 0.25,
          "protections": [
            "Root Detection"
          ]
        },
        {
          "app_name": "Sbanken",
          "protection_count": 1,
          "bypass_success_rate": 0.25,
          "protections": [
            "Root Detection"
          ]
        },
        {
          "app_name": "OBOS-banken",
          "protection_count": 1,
          "bypass_success_rate": 0.0,
          "protections": [
            "Root Detection"
          ]
        },
        {
          "app_name": "Sparebanken Vest",
          "protection_count": 2,
          "bypass_success_rate": 0.0,
          "protections": [
            "Root Detection",
            "SSL Pinning"
          ]
        },
        {
          "app_name": "Sparebanken \u00d8st",
          "protection_count": 1,
          "bypass_success_rate": 0.5,
          "protections": [
            "SSL Pinning"
          ]
        },
        {
          "app_name": "Sparebanken M\u00f8re",
          "protection_count": 1,
          "bypass_success_rate": 0.25,
          "protections": [
            "SSL Pinning"
          ]
        }
      ]
    },
    "fintech": {
      "app_count": 13,
      "avg_protection_count": 0.3076923076923077,
      "avg_bypass_success_rate": 0.36538461538461536,
      "effectiveness_score": 0.6346153846153846,
      "apps": [
        {
          "app_name": "Bank Norwegian",
          "protection_count": 1,
          "bypass_success_rate": 0.25,
          "protections": [
            "Root Detection"
          ]
        },
        {
          "app_name": "Storebrand Bank",
          "protection_count": 1,
          "bypass_success_rate": 0.25,
          "protections": [
            "Root Detection"
          ]
        },
        {
          "app_name": "Cultura Bank",
          "protection_count": 0,
          "bypass_success_rate": 0.5,
          "protections": []
        },
        {
          "app_name": "Komplett Bank",
          "protection_count": 0,
          "bypass_success_rate": 0.5,
          "protections": []
        },
        {
          "app_name": "SEB",
          "protection_count": 0,
          "bypass_success_rate": 0.25,
          "protections": []
        },
        {
          "app_name": "Santander",
          "protection_count": 0,
          "bypass_success_rate": 0.25,
          "protections": []
        },
        {
          "app_name": "Swedbank Norway",
          "protection_count": 0,
          "bypass_success_rate": 0.5,
          "protections": []
        },
        {
          "app_name": "Nordnet",
          "protection_count": 0,
          "bypass_success_rate": 0.5,
          "protections": []
        },
        {
          "app_name": "Klarna",
          "protection_count": 0,
          "bypass_success_rate": 0.75,
          "protections": []
        },
        {
          "app_name": "Lunar",
          "protection_count": 0,
          "bypass_success_rate": 0.5,
          "protections": []
        },
        {
          "app_name": "Revolut",
          "protection_count": 1,
          "bypass_success_rate": 0.25,
          "protections": [
            "Root Detection"
          ]
        },
        {
          "app_name": "N26",
          "protection_count": 1,
          "bypass_success_rate": 0.25,
          "protections": [
            "Root Detection"
          ]
        },
        {
          "app_name": "Wise",
          "protection_count": 0,
          "bypass_success_rate": 0.0,
          "protections": []
        }
      ]
    }
  },
  "recommendations": [
    {
      "priority": "High",
      "category": "Unprotected Apps",
      "recommendation": "9 apps have no detectable protection. Immediate security assessment needed.",
      "affected_apps": [
        "Cultura Bank",
        "Komplett Bank",
        "SEB",
        "Santander",
        "Swedbank Norway",
        "Nordnet",
        "Klarna",
        "Lunar",
        "Wise"
      ]
    },
    {
      "priority": "High",
      "category": "Vulnerable Protection",
      "recommendation": "1 apps are highly vulnerable to bypass attacks. Consider upgrading protection.",
      "affected_apps": [
        "Klarna"
      ]
    },
    {
      "priority": "Medium",
      "category": "Missing Root Detection",
      "recommendation": "13 apps lack root detection. This is a basic security requirement for banking apps.",
      "affected_apps": [
        "Cultura Bank",
        "Komplett Bank",
        "Danske Bank",
        "SEB",
        "Santander",
        "Vipps",
        "Swedbank Norway",
        "Nordnet",
        "Sparebanken \u00d8st",
        "Sparebanken M\u00f8re",
        "Klarna",
        "Lunar",
        "Wise"
      ]
    }
  ],
  "raw_data": [
    {
      "app_name": "DNB Mobile",
      "package_name": "no.dnb.mobilbank",
      "app_info": {
        "package_name": "no.dnb.mobilbank",
        "rating": "3.7",
        "downloads": "10M+",
        "last_updated": "2024-01-15",
        "size": "71MB",
        "version": "2.8.2",
        "developer": "Dnb Banking"
      },
      "protection": {
        "detected_solutions": [
          "Promon SHIELD",
          "Root Detection",
          "SSL Pinning",
          "Anti Debug"
        ],
        "confidence_scores": {
          "Promon SHIELD": 0.89081997699833,
          "Root Detection": 0.8691380630304335,
          "SSL Pinning": 0.820529730832071,
          "Anti Debug": 0.7781311058831923
        },
        "protection_features": [],
        "obfuscation_level": "Moderate",
        "analysis_notes": "Analyzed no.dnb.mobilbank - major_bank category"
      },
      "bypass_results": {
        "root_detection": {
          "test_name": "Root Detection Bypass",
          "description": "Tests common root detection bypass techniques",
          "bypass_successful": false,
          "success_rate": 0.16000000000000003,
          "techniques_tested": [
            "Magisk Hide",
            "RootCloak",
            "Frida Scripts"
          ],
          "successful_techniques": [],
          "execution_time": 36.40661201531289,
          "notes": "Strong root detection implementation. Multiple bypass attempts failed."
        },
        "ssl_pinning": {
          "test_name": "SSL Pinning Bypass",
          "description": "Tests certificate pinning bypass methods",
          "bypass_successful": true,
          "success_rate": 0.12,
          "techniques_tested": [
            "Frida SSL Kill Switch",
            "objection",
            "Manual patching"
          ],
          "successful_techniques": [
            "Frida SSL Kill Switch",
            "Manual patching",
            "objection"
          ],
          "execution_time": 29.884967384055898,
          "notes": "SSL pinning bypassed successfully. Certificate validation was circumvented."
        },
        "anti_debug": {
          "test_name": "Anti-Debug Bypass",
          "description": "Tests anti-debugging bypass techniques",
          "bypass_successful": true,
          "success_rate": 0.08000000000000002,
          "techniques_tested": [
            "ptrace patching",
            "Frida anti-anti-debug",
            "Native hooks"
          ],
          "successful_techniques": [
            "ptrace patching",
            "Frida anti-anti-debug"
          ],
          "execution_time": 23.002767161549873,
          "notes": "Anti-debugging measures bypassed. Debugger attachment successful."
        },
        "tampering": {
          "test_name": "Tampering Detection Bypass",
          "description": "Tests app integrity bypass methods",
          "bypass_successful": false,
          "success_rate": 0.06,
          "techniques_tested": [
            "Signature bypass",
            "Hash modification",
            "Runtime patching"
          ],
          "successful_techniques": [],
          "execution_time": 24.206145871583225,
          "notes": "Strong tampering detection. App detected unauthorized modifications."
        }
      }
    },
    {
      "app_name": "Nordea Mobile",
      "package_name": "com.nordea.mobiletoken",
      "app_info": {
        "package_name": "com.nordea.mobiletoken",
        "rating": "4.4star",
        "downloads": "Downloads",
        "last_updated": "2024-01-15",
        "size": "45MB",
        "version": "5.2.1",
        "developer": "Banking Corp"
      },
      "protection": {
        "detected_solutions": [
          "Root Detection",
          "SSL Pinning",
          "Anti Debug"
        ],
        "confidence_scores": {
          "Root Detection": 0.8248783774237153,
          "SSL Pinning": 0.9271142982192357,
          "Anti Debug": 0.7327821039495762
        },
        "protection_features": [],
        "obfuscation_level": "Advanced",
        "analysis_notes": "Analyzed com.nordea.mobiletoken - major_bank category"
      },
      "bypass_results": {
        "root_detection": {
          "test_name": "Root Detection Bypass",
          "description": "Tests common root detection bypass techniques",
          "bypass_successful": false,
          "success_rate": 0.16000000000000003,
          "techniques_tested": [
            "Magisk Hide",
            "RootCloak",
            "Frida Scripts"
          ],
          "successful_techniques": [],
          "execution_time": 40.44960844615618,
          "notes": "Strong root detection implementation. Multiple bypass attempts failed."
        },
        "ssl_pinning": {
          "test_name": "SSL Pinning Bypass",
          "description": "Tests certificate pinning bypass methods",
          "bypass_successful": false,
          "success_rate": 0.12,
          "techniques_tested": [
            "Frida SSL Kill Switch",
            "objection",
            "Manual patching"
          ],
          "successful_techniques": [],
          "execution_time": 12.587559479132263,
          "notes": "Robust SSL pinning implementation detected and blocked bypass attempts."
        },
        "anti_debug": {
          "test_name": "Anti-Debug Bypass",
          "description": "Tests anti-debugging bypass techniques",
          "bypass_successful": false,
          "success_rate": 0.08000000000000002,
          "techniques_tested": [
            "ptrace patching",
            "Frida anti-anti-debug",
            "Native hooks"
          ],
          "successful_techniques": [],
          "execution_time": 25.467295710105006,
          "notes": "Advanced anti-debugging protection active. Debugger detection effective."
        },
        "tampering": {
          "test_name": "Tampering Detection Bypass",
          "description": "Tests app integrity bypass methods",
          "bypass_successful": false,
          "success_rate": 0.06,
          "techniques_tested": [
            "Signature bypass",
            "Hash modification",
            "Runtime patching"
          ],
          "successful_techniques": [],
          "execution_time": 28.705157775690388,
          "notes": "Strong tampering detection. App detected unauthorized modifications."
        }
      }
    },
    {
      "app_name": "Sparebank 1",
      "package_name": "no.sparebank1.mobilbank",
      "app_info": {
        "package_name": "no.sparebank1.mobilbank",
        "rating": "4.5star",
        "downloads": "Downloads",
        "last_updated": "2024-01-15",
        "size": "45MB",
        "version": "5.2.1",
        "developer": "Banking Corp"
      },
      "protection": {
        "detected_solutions": [
          "Root Detection",
          "SSL Pinning"
        ],
        "confidence_scores": {
          "Root Detection": 0.7980380642828769,
          "SSL Pinning": 0.935764464256826
        },
        "protection_features": [],
        "obfuscation_level": "None",
        "analysis_notes": "Analyzed no.sparebank1.mobilbank - regional_bank category"
      },
      "bypass_results": {
        "root_detection": {
          "test_name": "Root Detection Bypass",
          "description": "Tests common root detection bypass techniques",
          "bypass_successful": false,
          "success_rate": 0.32000000000000006,
          "techniques_tested": [
            "Magisk Hide",
            "RootCloak",
            "Frida Scripts"
          ],
          "successful_techniques": [],
          "execution_time": 42.36369847976648,
          "notes": "Strong root detection implementation. Multiple bypass attempts failed."
        },
        "ssl_pinning": {
          "test_name": "SSL Pinning Bypass",
          "description": "Tests certificate pinning bypass methods",
          "bypass_successful": false,
          "success_rate": 0.24,
          "techniques_tested": [
            "Frida SSL Kill Switch",
            "objection",
            "Manual patching"
          ],
          "successful_techniques": [],
          "execution_time": 36.19919699173264,
          "notes": "Robust SSL pinning implementation detected and blocked bypass attempts."
        },
        "anti_debug": {
          "test_name": "Anti-Debug Bypass",
          "description": "Tests anti-debugging bypass techniques",
          "bypass_successful": false,
          "success_rate": 0.16000000000000003,
          "techniques_tested": [
            "ptrace patching",
            "Frida anti-anti-debug",
            "Native hooks"
          ],
          "successful_techniques": [],
          "execution_time": 10.12359441248466,
          "notes": "Advanced anti-debugging protection active. Debugger detection effective."
        },
        "tampering": {
          "test_name": "Tampering Detection Bypass",
          "description": "Tests app integrity bypass methods",
          "bypass_successful": false,
          "success_rate": 0.12,
          "techniques_tested": [
            "Signature bypass",
            "Hash modification",
            "Runtime patching"
          ],
          "successful_techniques": [],
          "execution_time": 21.964619935790765,
          "notes": "Strong tampering detection. App detected unauthorized modifications."
        }
      }
    },
    {
      "app_name": "Handelsbanken",
      "package_name": "com.handelsbanken.mobile.android.no",
      "app_info": {
        "package_name": "com.handelsbanken.mobile.android.no",
        "rating": "4.0",
        "downloads": "1M+",
        "last_updated": "2024-01-15",
        "size": "80MB",
        "version": "1.6.6",
        "developer": "Handelsbanken Banking"
      },
      "protection": {
        "detected_solutions": [
          "Promon SHIELD",
          "Root Detection",
          "SSL Pinning"
        ],
        "confidence_scores": {
          "Promon SHIELD": 0.9098001854661031,
          "Root Detection": 0.727757296594834,
          "SSL Pinning": 0.7992891418609895
        },
        "protection_features": [],
        "obfuscation_level": "None",
        "analysis_notes": "Analyzed com.handelsbanken.mobile.android.no - major_bank category"
      },
      "bypass_results": {
        "root_detection": {
          "test_name": "Root Detection Bypass",
          "description": "Tests common root detection bypass techniques",
          "bypass_successful": false,
          "success_rate": 0.16000000000000003,
          "techniques_tested": [
            "Magisk Hide",
            "RootCloak",
            "Frida Scripts"
          ],
          "successful_techniques": [],
          "execution_time": 32.04749164869317,
          "notes": "Strong root detection implementation. Multiple bypass attempts failed."
        },
        "ssl_pinning": {
          "test_name": "SSL Pinning Bypass",
          "description": "Tests certificate pinning bypass methods",
          "bypass_successful": false,
          "success_rate": 0.12,
          "techniques_tested": [
            "Frida SSL Kill Switch",
            "objection",
            "Manual patching"
          ],
          "successful_techniques": [],
          "execution_time": 13.17016184378824,
          "notes": "Robust SSL pinning implementation detected and blocked bypass attempts."
        },
        "anti_debug": {
          "test_name": "Anti-Debug Bypass",
          "description": "Tests anti-debugging bypass techniques",
          "bypass_successful": false,
          "success_rate": 0.08000000000000002,
          "techniques_tested": [
            "ptrace patching",
            "Frida anti-anti-debug",
            "Native hooks"
          ],
          "successful_techniques": [],
          "execution_time": 39.441988649391746,
          "notes": "Advanced anti-debugging protection active. Debugger detection effective."
        },
        "tampering": {
          "test_name": "Tampering Detection Bypass",
          "description": "Tests app integrity bypass methods",
          "bypass_successful": true,
          "success_rate": 0.06,
          "techniques_tested": [
            "Signature bypass",
            "Hash modification",
            "Runtime patching"
          ],
          "successful_techniques": [
            "Runtime patching"
          ],
          "execution_time": 32.77815396240191,
          "notes": "App integrity checks bypassed. Runtime modifications successful."
        }
      }
    },
    {
      "app_name": "Skandiabanken",
      "package_name": "no.skandiabanken.mobilbank",
      "app_info": {
        "package_name": "no.skandiabanken.mobilbank",
        "rating": "4.4",
        "downloads": "1M+",
        "last_updated": "2024-01-15",
        "size": "69MB",
        "version": "5.4.6",
        "developer": "Skandiabanken Banking"
      },
      "protection": {
        "detected_solutions": [
          "Root Detection"
        ],
        "confidence_scores": {
          "Root Detection": 0.795585085403592
        },
        "protection_features": [],
        "obfuscation_level": "None",
        "analysis_notes": "Analyzed no.skandiabanken.mobilbank - regional_bank category"
      },
      "bypass_results": {
        "root_detection": {
          "test_name": "Root Detection Bypass",
          "description": "Tests common root detection bypass techniques",
          "bypass_successful": false,
          "success_rate": 0.32000000000000006,
          "techniques_tested": [
            "Magisk Hide",
            "RootCloak",
            "Frida Scripts"
          ],
          "successful_techniques": [],
          "execution_time": 41.61238853107842,
          "notes": "Strong root detection implementation. Multiple bypass attempts failed."
        },
        "ssl_pinning": {
          "test_name": "SSL Pinning Bypass",
          "description": "Tests certificate pinning bypass methods",
          "bypass_successful": true,
          "success_rate": 0.24,
          "techniques_tested": [
            "Frida SSL Kill Switch",
            "objection",
            "Manual patching"
          ],
          "successful_techniques": [
            "objection",
            "Frida SSL Kill Switch"
          ],
          "execution_time": 14.29537682369548,
          "notes": "SSL pinning bypassed successfully. Certificate validation was circumvented."
        },
        "anti_debug": {
          "test_name": "Anti-Debug Bypass",
          "description": "Tests anti-debugging bypass techniques",
          "bypass_successful": false,
          "success_rate": 0.16000000000000003,
          "techniques_tested": [
            "ptrace patching",
            "Frida anti-anti-debug",
            "Native hooks"
          ],
          "successful_techniques": [],
          "execution_time": 31.489092735762213,
          "notes": "Advanced anti-debugging protection active. Debugger detection effective."
        },
        "tampering": {
          "test_name": "Tampering Detection Bypass",
          "description": "Tests app integrity bypass methods",
          "bypass_successful": false,
          "success_rate": 0.12,
          "techniques_tested": [
            "Signature bypass",
            "Hash modification",
            "Runtime patching"
          ],
          "successful_techniques": [],
          "execution_time": 25.38589747477237,
          "notes": "Strong tampering detection. App detected unauthorized modifications."
        }
      }
    },
    {
      "app_name": "Bank Norwegian",
      "package_name": "no.banknorwegian.mobilbank",
      "app_info": {
        "package_name": "no.banknorwegian.mobilbank",
        "rating": "3.7",
        "downloads": "10M+",
        "last_updated": "2024-01-15",
        "size": "32MB",
        "version": "3.2.4",
        "developer": "Banknorwegian Banking"
      },
      "protection": {
        "detected_solutions": [
          "Root Detection"
        ],
        "confidence_scores": {
          "Root Detection": 0.7580153742733693
        },
        "protection_features": [],
        "obfuscation_level": "Advanced",
        "analysis_notes": "Analyzed no.banknorwegian.mobilbank - fintech category"
      },
      "bypass_results": {
        "root_detection": {
          "test_name": "Root Detection Bypass",
          "description": "Tests common root detection bypass techniques",
          "bypass_successful": true,
          "success_rate": 0.5599999999999999,
          "techniques_tested": [
            "Magisk Hide",
            "RootCloak",
            "Frida Scripts"
          ],
          "successful_techniques": [
            "Magisk Hide",
            "RootCloak",
            "Frida Scripts"
          ],
          "execution_time": 23.282740619574188,
          "notes": "Root detection bypassed using Magisk Hide. App failed to detect rooted environment."
        },
        "ssl_pinning": {
          "test_name": "SSL Pinning Bypass",
          "description": "Tests certificate pinning bypass methods",
          "bypass_successful": false,
          "success_rate": 0.42,
          "techniques_tested": [
            "Frida SSL Kill Switch",
            "objection",
            "Manual patching"
          ],
          "successful_techniques": [],
          "execution_time": 21.359285158201324,
          "notes": "Robust SSL pinning implementation detected and blocked bypass attempts."
        },
        "anti_debug": {
          "test_name": "Anti-Debug Bypass",
          "description": "Tests anti-debugging bypass techniques",
          "bypass_successful": false,
          "success_rate": 0.27999999999999997,
          "techniques_tested": [
            "ptrace patching",
            "Frida anti-anti-debug",
            "Native hooks"
          ],
          "successful_techniques": [],
          "execution_time": 22.930609146779886,
          "notes": "Advanced anti-debugging protection active. Debugger detection effective."
        },
        "tampering": {
          "test_name": "Tampering Detection Bypass",
          "description": "Tests app integrity bypass methods",
          "bypass_successful": false,
          "success_rate": 0.21,
          "techniques_tested": [
            "Signature bypass",
            "Hash modification",
            "Runtime patching"
          ],
          "successful_techniques": [],
          "execution_time": 11.306187068245425,
          "notes": "Strong tampering detection. App detected unauthorized modifications."
        }
      }
    },
    {
      "app_name": "Storebrand Bank",
      "package_name": "no.storebrand.mobilbank",
      "app_info": {
        "package_name": "no.storebrand.mobilbank",
        "rating": "4.5",
        "downloads": "10M+",
        "last_updated": "2024-01-15",
        "size": "27MB",
        "version": "6.9.8",
        "developer": "Storebrand Banking"
      },
      "protection": {
        "detected_solutions": [
          "Root Detection"
        ],
        "confidence_scores": {
          "Root Detection": 0.8192159194446623
        },
        "protection_features": [],
        "obfuscation_level": "Advanced",
        "analysis_notes": "Analyzed no.storebrand.mobilbank - fintech category"
      },
      "bypass_results": {
        "root_detection": {
          "test_name": "Root Detection Bypass",
          "description": "Tests common root detection bypass techniques",
          "bypass_successful": false,
          "success_rate": 0.5599999999999999,
          "techniques_tested": [
            "Magisk Hide",
            "RootCloak",
            "Frida Scripts"
          ],
          "successful_techniques": [],
          "execution_time": 34.5398309543082,
          "notes": "Strong root detection implementation. Multiple bypass attempts failed."
        },
        "ssl_pinning": {
          "test_name": "SSL Pinning Bypass",
          "description": "Tests certificate pinning bypass methods",
          "bypass_successful": true,
          "success_rate": 0.42,
          "techniques_tested": [
            "Frida SSL Kill Switch",
            "objection",
            "Manual patching"
          ],
          "successful_techniques": [
            "objection",
            "Manual patching"
          ],
          "execution_time": 26.359913941848937,
          "notes": "SSL pinning bypassed successfully. Certificate validation was circumvented."
        },
        "anti_debug": {
          "test_name": "Anti-Debug Bypass",
          "description": "Tests anti-debugging bypass techniques",
          "bypass_successful": false,
          "success_rate": 0.27999999999999997,
          "techniques_tested": [
            "ptrace patching",
            "Frida anti-anti-debug",
            "Native hooks"
          ],
          "successful_techniques": [],
          "execution_time": 42.736598425076075,
          "notes": "Advanced anti-debugging protection active. Debugger detection effective."
        },
        "tampering": {
          "test_name": "Tampering Detection Bypass",
          "description": "Tests app integrity bypass methods",
          "bypass_successful": false,
          "success_rate": 0.21,
          "techniques_tested": [
            "Signature bypass",
            "Hash modification",
            "Runtime patching"
          ],
          "successful_techniques": [],
          "execution_time": 39.17910557466355,
          "notes": "Strong tampering detection. App detected unauthorized modifications."
        }
      }
    },
    {
      "app_name": "Cultura Bank",
      "package_name": "no.culturabank.mobilbank",
      "app_info": {
        "package_name": "no.culturabank.mobilbank",
        "rating": "4.4",
        "downloads": "5M+",
        "last_updated": "2024-01-15",
        "size": "27MB",
        "version": "4.4.8",
        "developer": "Culturabank Banking"
      },
      "protection": {
        "detected_solutions": [],
        "confidence_scores": {},
        "protection_features": [],
        "obfuscation_level": "None",
        "analysis_notes": "Analyzed no.culturabank.mobilbank - fintech category"
      },
      "bypass_results": {
        "root_detection": {
          "test_name": "Root Detection Bypass",
          "description": "Tests common root detection bypass techniques",
          "bypass_successful": true,
          "success_rate": 0.5599999999999999,
          "techniques_tested": [
            "Magisk Hide",
            "RootCloak",
            "Frida Scripts"
          ],
          "successful_techniques": [
            "RootCloak",
            "Magisk Hide"
          ],
          "execution_time": 10.947566166969729,
          "notes": "Root detection bypassed using Magisk Hide. App failed to detect rooted environment."
        },
        "ssl_pinning": {
          "test_name": "SSL Pinning Bypass",
          "description": "Tests certificate pinning bypass methods",
          "bypass_successful": false,
          "success_rate": 0.42,
          "techniques_tested": [
            "Frida SSL Kill Switch",
            "objection",
            "Manual patching"
          ],
          "successful_techniques": [],
          "execution_time": 41.90841180321257,
          "notes": "Robust SSL pinning implementation detected and blocked bypass attempts."
        },
        "anti_debug": {
          "test_name": "Anti-Debug Bypass",
          "description": "Tests anti-debugging bypass techniques",
          "bypass_successful": false,
          "success_rate": 0.27999999999999997,
          "techniques_tested": [
            "ptrace patching",
            "Frida anti-anti-debug",
            "Native hooks"
          ],
          "successful_techniques": [],
          "execution_time": 41.46122879267601,
          "notes": "Advanced anti-debugging protection active. Debugger detection effective."
        },
        "tampering": {
          "test_name": "Tampering Detection Bypass",
          "description": "Tests app integrity bypass methods",
          "bypass_successful": true,
          "success_rate": 0.21,
          "techniques_tested": [
            "Signature bypass",
            "Hash modification",
            "Runtime patching"
          ],
          "successful_techniques": [
            "Runtime patching",
            "Signature bypass",
            "Hash modification"
          ],
          "execution_time": 19.273904542010172,
          "notes": "App integrity checks bypassed. Runtime modifications successful."
        }
      }
    },
    {
      "app_name": "Komplett Bank",
      "package_name": "no.komplettbank.mobilbank",
      "app_info": {
        "package_name": "no.komplettbank.mobilbank",
        "rating": "4.4",
        "downloads": "10M+",
        "last_updated": "2024-01-15",
        "size": "69MB",
        "version": "4.0.9",
        "developer": "Komplettbank Banking"
      },
      "protection": {
        "detected_solutions": [],
        "confidence_scores": {},
        "protection_features": [],
        "obfuscation_level": "Moderate",
        "analysis_notes": "Analyzed no.komplettbank.mobilbank - fintech category"
      },
      "bypass_results": {
        "root_detection": {
          "test_name": "Root Detection Bypass",
          "description": "Tests common root detection bypass techniques",
          "bypass_successful": false,
          "success_rate": 0.5599999999999999,
          "techniques_tested": [
            "Magisk Hide",
            "RootCloak",
            "Frida Scripts"
          ],
          "successful_techniques": [],
          "execution_time": 35.873366654575634,
          "notes": "Strong root detection implementation. Multiple bypass attempts failed."
        },
        "ssl_pinning": {
          "test_name": "SSL Pinning Bypass",
          "description": "Tests certificate pinning bypass methods",
          "bypass_successful": true,
          "success_rate": 0.42,
          "techniques_tested": [
            "Frida SSL Kill Switch",
            "objection",
            "Manual patching"
          ],
          "successful_techniques": [
            "Manual patching",
            "Frida SSL Kill Switch"
          ],
          "execution_time": 27.06044739360616,
          "notes": "SSL pinning bypassed successfully. Certificate validation was circumvented."
        },
        "anti_debug": {
          "test_name": "Anti-Debug Bypass",
          "description": "Tests anti-debugging bypass techniques",
          "bypass_successful": true,
          "success_rate": 0.27999999999999997,
          "techniques_tested": [
            "ptrace patching",
            "Frida anti-anti-debug",
            "Native hooks"
          ],
          "successful_techniques": [
            "ptrace patching"
          ],
          "execution_time": 36.87852324962475,
          "notes": "Anti-debugging measures bypassed. Debugger attachment successful."
        },
        "tampering": {
          "test_name": "Tampering Detection Bypass",
          "description": "Tests app integrity bypass methods",
          "bypass_successful": false,
          "success_rate": 0.21,
          "techniques_tested": [
            "Signature bypass",
            "Hash modification",
            "Runtime patching"
          ],
          "successful_techniques": [],
          "execution_time": 11.24774115709364,
          "notes": "Strong tampering detection. App detected unauthorized modifications."
        }
      }
    },
    {
      "app_name": "Sbanken",
      "package_name": "no.sbanken.mobilbank",
      "app_info": {
        "package_name": "no.sbanken.mobilbank",
        "rating": "3.7",
        "downloads": "1M+",
        "last_updated": "2024-01-15",
        "size": "74MB",
        "version": "3.1.6",
        "developer": "Sbanken Banking"
      },
      "protection": {
        "detected_solutions": [
          "Root Detection"
        ],
        "confidence_scores": {
          "Root Detection": 0.7165840933314509
        },
        "protection_features": [],
        "obfuscation_level": "Advanced",
        "analysis_notes": "Analyzed no.sbanken.mobilbank - regional_bank category"
      },
      "bypass_results": {
        "root_detection": {
          "test_name": "Root Detection Bypass",
          "description": "Tests common root detection bypass techniques",
          "bypass_successful": false,
          "success_rate": 0.32000000000000006,
          "techniques_tested": [
            "Magisk Hide",
            "RootCloak",
            "Frida Scripts"
          ],
          "successful_techniques": [],
          "execution_time": 44.660623801041204,
          "notes": "Strong root detection implementation. Multiple bypass attempts failed."
        },
        "ssl_pinning": {
          "test_name": "SSL Pinning Bypass",
          "description": "Tests certificate pinning bypass methods",
          "bypass_successful": true,
          "success_rate": 0.24,
          "techniques_tested": [
            "Frida SSL Kill Switch",
            "objection",
            "Manual patching"
          ],
          "successful_techniques": [
            "Manual patching",
            "objection",
            "Frida SSL Kill Switch"
          ],
          "execution_time": 21.700695369813577,
          "notes": "SSL pinning bypassed successfully. Certificate validation was circumvented."
        },
        "anti_debug": {
          "test_name": "Anti-Debug Bypass",
          "description": "Tests anti-debugging bypass techniques",
          "bypass_successful": false,
          "success_rate": 0.16000000000000003,
          "techniques_tested": [
            "ptrace patching",
            "Frida anti-anti-debug",
            "Native hooks"
          ],
          "successful_techniques": [],
          "execution_time": 42.50172803070392,
          "notes": "Advanced anti-debugging protection active. Debugger detection effective."
        },
        "tampering": {
          "test_name": "Tampering Detection Bypass",
          "description": "Tests app integrity bypass methods",
          "bypass_successful": false,
          "success_rate": 0.12,
          "techniques_tested": [
            "Signature bypass",
            "Hash modification",
            "Runtime patching"
          ],
          "successful_techniques": [],
          "execution_time": 28.663086926853964,
          "notes": "Strong tampering detection. App detected unauthorized modifications."
        }
      }
    },
    {
      "app_name": "Danske Bank",
      "package_name": "com.danskebank.mobilebank3.no",
      "app_info": {
        "package_name": "com.danskebank.mobilebank3.no",
        "rating": "4.6",
        "downloads": "5M+",
        "last_updated": "2024-01-15",
        "size": "37MB",
        "version": "4.2.8",
        "developer": "Danskebank Banking"
      },
      "protection": {
        "detected_solutions": [
          "Promon SHIELD",
          "SSL Pinning",
          "Anti Debug"
        ],
        "confidence_scores": {
          "Promon SHIELD": 0.782008543430204,
          "SSL Pinning": 0.7668910863184332,
          "Anti Debug": 0.7012055120515602
        },
        "protection_features": [],
        "obfuscation_level": "Advanced",
        "analysis_notes": "Analyzed com.danskebank.mobilebank3.no - major_bank category"
      },
      "bypass_results": {
        "root_detection": {
          "test_name": "Root Detection Bypass",
          "description": "Tests common root detection bypass techniques",
          "bypass_successful": false,
          "success_rate": 0.16000000000000003,
          "techniques_tested": [
            "Magisk Hide",
            "RootCloak",
            "Frida Scripts"
          ],
          "successful_techniques": [],
          "execution_time": 39.894075694699794,
          "notes": "Strong root detection implementation. Multiple bypass attempts failed."
        },
        "ssl_pinning": {
          "test_name": "SSL Pinning Bypass",
          "description": "Tests certificate pinning bypass methods",
          "bypass_successful": true,
          "success_rate": 0.12,
          "techniques_tested": [
            "Frida SSL Kill Switch",
            "objection",
            "Manual patching"
          ],
          "successful_techniques": [
            "Frida SSL Kill Switch",
            "Manual patching"
          ],
          "execution_time": 17.469801784100333,
          "notes": "SSL pinning bypassed successfully. Certificate validation was circumvented."
        },
        "anti_debug": {
          "test_name": "Anti-Debug Bypass",
          "description": "Tests anti-debugging bypass techniques",
          "bypass_successful": false,
          "success_rate": 0.08000000000000002,
          "techniques_tested": [
            "ptrace patching",
            "Frida anti-anti-debug",
            "Native hooks"
          ],
          "successful_techniques": [],
          "execution_time": 20.943392411247427,
          "notes": "Advanced anti-debugging protection active. Debugger detection effective."
        },
        "tampering": {
          "test_name": "Tampering Detection Bypass",
          "description": "Tests app integrity bypass methods",
          "bypass_successful": false,
          "success_rate": 0.06,
          "techniques_tested": [
            "Signature bypass",
            "Hash modification",
            "Runtime patching"
          ],
          "successful_techniques": [],
          "execution_time": 29.935346341399416,
          "notes": "Strong tampering detection. App detected unauthorized modifications."
        }
      }
    },
    {
      "app_name": "SEB",
      "package_name": "com.seb.android.no",
      "app_info": {
        "package_name": "com.seb.android.no",
        "rating": "3.6",
        "downloads": "1M+",
        "last_updated": "2024-01-15",
        "size": "65MB",
        "version": "1.9.9",
        "developer": "Seb Banking"
      },
      "protection": {
        "detected_solutions": [],
        "confidence_scores": {},
        "protection_features": [],
        "obfuscation_level": "None",
        "analysis_notes": "Analyzed com.seb.android.no - fintech category"
      },
      "bypass_results": {
        "root_detection": {
          "test_name": "Root Detection Bypass",
          "description": "Tests common root detection bypass techniques",
          "bypass_successful": true,
          "success_rate": 0.5599999999999999,
          "techniques_tested": [
            "Magisk Hide",
            "RootCloak",
            "Frida Scripts"
          ],
          "successful_techniques": [
            "Magisk Hide"
          ],
          "execution_time": 37.86129119506519,
          "notes": "Root detection bypassed using Magisk Hide. App failed to detect rooted environment."
        },
        "ssl_pinning": {
          "test_name": "SSL Pinning Bypass",
          "description": "Tests certificate pinning bypass methods",
          "bypass_successful": false,
          "success_rate": 0.42,
          "techniques_tested": [
            "Frida SSL Kill Switch",
            "objection",
            "Manual patching"
          ],
          "successful_techniques": [],
          "execution_time": 34.59667001276236,
          "notes": "Robust SSL pinning implementation detected and blocked bypass attempts."
        },
        "anti_debug": {
          "test_name": "Anti-Debug Bypass",
          "description": "Tests anti-debugging bypass techniques",
          "bypass_successful": false,
          "success_rate": 0.27999999999999997,
          "techniques_tested": [
            "ptrace patching",
            "Frida anti-anti-debug",
            "Native hooks"
          ],
          "successful_techniques": [],
          "execution_time": 26.516304664136186,
          "notes": "Advanced anti-debugging protection active. Debugger detection effective."
        },
        "tampering": {
          "test_name": "Tampering Detection Bypass",
          "description": "Tests app integrity bypass methods",
          "bypass_successful": false,
          "success_rate": 0.21,
          "techniques_tested": [
            "Signature bypass",
            "Hash modification",
            "Runtime patching"
          ],
          "successful_techniques": [],
          "execution_time": 29.995736612538753,
          "notes": "Strong tampering detection. App detected unauthorized modifications."
        }
      }
    },
    {
      "app_name": "Santander",
      "package_name": "no.santander.mobilbank",
      "app_info": {
        "package_name": "no.santander.mobilbank",
        "rating": "4.1",
        "downloads": "5M+",
        "last_updated": "2024-01-15",
        "size": "32MB",
        "version": "4.1.4",
        "developer": "Santander Banking"
      },
      "protection": {
        "detected_solutions": [],
        "confidence_scores": {},
        "protection_features": [],
        "obfuscation_level": "Basic",
        "analysis_notes": "Analyzed no.santander.mobilbank - fintech category"
      },
      "bypass_results": {
        "root_detection": {
          "test_name": "Root Detection Bypass",
          "description": "Tests common root detection bypass techniques",
          "bypass_successful": false,
          "success_rate": 0.5599999999999999,
          "techniques_tested": [
            "Magisk Hide",
            "RootCloak",
            "Frida Scripts"
          ],
          "successful_techniques": [],
          "execution_time": 12.444776158921677,
          "notes": "Strong root detection implementation. Multiple bypass attempts failed."
        },
        "ssl_pinning": {
          "test_name": "SSL Pinning Bypass",
          "description": "Tests certificate pinning bypass methods",
          "bypass_successful": false,
          "success_rate": 0.42,
          "techniques_tested": [
            "Frida SSL Kill Switch",
            "objection",
            "Manual patching"
          ],
          "successful_techniques": [],
          "execution_time": 19.6889416725598,
          "notes": "Robust SSL pinning implementation detected and blocked bypass attempts."
        },
        "anti_debug": {
          "test_name": "Anti-Debug Bypass",
          "description": "Tests anti-debugging bypass techniques",
          "bypass_successful": true,
          "success_rate": 0.27999999999999997,
          "techniques_tested": [
            "ptrace patching",
            "Frida anti-anti-debug",
            "Native hooks"
          ],
          "successful_techniques": [
            "Frida anti-anti-debug",
            "ptrace patching"
          ],
          "execution_time": 29.688034465123454,
          "notes": "Anti-debugging measures bypassed. Debugger attachment successful."
        },
        "tampering": {
          "test_name": "Tampering Detection Bypass",
          "description": "Tests app integrity bypass methods",
          "bypass_successful": false,
          "success_rate": 0.21,
          "techniques_tested": [
            "Signature bypass",
            "Hash modification",
            "Runtime patching"
          ],
          "successful_techniques": [],
          "execution_time": 39.17682110367605,
          "notes": "Strong tampering detection. App detected unauthorized modifications."
        }
      }
    },
    {
      "app_name": "OBOS-banken",
      "package_name": "no.obosbanken.mobilbank",
      "app_info": {
        "package_name": "no.obosbanken.mobilbank",
        "rating": "4.2",
        "downloads": "1M+",
        "last_updated": "2024-01-15",
        "size": "29MB",
        "version": "1.0.7",
        "developer": "Obosbanken Banking"
      },
      "protection": {
        "detected_solutions": [
          "Root Detection"
        ],
        "confidence_scores": {
          "Root Detection": 0.8414009187399236
        },
        "protection_features": [],
        "obfuscation_level": "None",
        "analysis_notes": "Analyzed no.obosbanken.mobilbank - regional_bank category"
      },
      "bypass_results": {
        "root_detection": {
          "test_name": "Root Detection Bypass",
          "description": "Tests common root detection bypass techniques",
          "bypass_successful": false,
          "success_rate": 0.32000000000000006,
          "techniques_tested": [
            "Magisk Hide",
            "RootCloak",
            "Frida Scripts"
          ],
          "successful_techniques": [],
          "execution_time": 41.91756537712979,
          "notes": "Strong root detection implementation. Multiple bypass attempts failed."
        },
        "ssl_pinning": {
          "test_name": "SSL Pinning Bypass",
          "description": "Tests certificate pinning bypass methods",
          "bypass_successful": false,
          "success_rate": 0.24,
          "techniques_tested": [
            "Frida SSL Kill Switch",
            "objection",
            "Manual patching"
          ],
          "successful_techniques": [],
          "execution_time": 14.569672733128574,
          "notes": "Robust SSL pinning implementation detected and blocked bypass attempts."
        },
        "anti_debug": {
          "test_name": "Anti-Debug Bypass",
          "description": "Tests anti-debugging bypass techniques",
          "bypass_successful": false,
          "success_rate": 0.16000000000000003,
          "techniques_tested": [
            "ptrace patching",
            "Frida anti-anti-debug",
            "Native hooks"
          ],
          "successful_techniques": [],
          "execution_time": 30.272548207694417,
          "notes": "Advanced anti-debugging protection active. Debugger detection effective."
        },
        "tampering": {
          "test_name": "Tampering Detection Bypass",
          "description": "Tests app integrity bypass methods",
          "bypass_successful": false,
          "success_rate": 0.12,
          "techniques_tested": [
            "Signature bypass",
            "Hash modification",
            "Runtime patching"
          ],
          "successful_techniques": [],
          "execution_time": 41.02726970464916,
          "notes": "Strong tampering detection. App detected unauthorized modifications."
        }
      }
    },
    {
      "app_name": "Vipps",
      "package_name": "no.dnb.vipps",
      "app_info": {
        "package_name": "no.dnb.vipps",
        "rating": "4.7star",
        "downloads": "Downloads",
        "last_updated": "2024-01-15",
        "size": "45MB",
        "version": "5.2.1",
        "developer": "Banking Corp"
      },
      "protection": {
        "detected_solutions": [
          "Promon SHIELD",
          "SSL Pinning",
          "Anti Debug"
        ],
        "confidence_scores": {
          "Promon SHIELD": 0.8553943332234837,
          "SSL Pinning": 0.731415742529059,
          "Anti Debug": 0.7881190014192216
        },
        "protection_features": [],
        "obfuscation_level": "Moderate",
        "analysis_notes": "Analyzed no.dnb.vipps - major_bank category"
      },
      "bypass_results": {
        "root_detection": {
          "test_name": "Root Detection Bypass",
          "description": "Tests common root detection bypass techniques",
          "bypass_successful": true,
          "success_rate": 0.16000000000000003,
          "techniques_tested": [
            "Magisk Hide",
            "RootCloak",
            "Frida Scripts"
          ],
          "successful_techniques": [
            "Frida Scripts"
          ],
          "execution_time": 13.56150346955635,
          "notes": "Root detection bypassed using Magisk Hide. App failed to detect rooted environment."
        },
        "ssl_pinning": {
          "test_name": "SSL Pinning Bypass",
          "description": "Tests certificate pinning bypass methods",
          "bypass_successful": false,
          "success_rate": 0.12,
          "techniques_tested": [
            "Frida SSL Kill Switch",
            "objection",
            "Manual patching"
          ],
          "successful_techniques": [],
          "execution_time": 10.304816003877635,
          "notes": "Robust SSL pinning implementation detected and blocked bypass attempts."
        },
        "anti_debug": {
          "test_name": "Anti-Debug Bypass",
          "description": "Tests anti-debugging bypass techniques",
          "bypass_successful": false,
          "success_rate": 0.08000000000000002,
          "techniques_tested": [
            "ptrace patching",
            "Frida anti-anti-debug",
            "Native hooks"
          ],
          "successful_techniques": [],
          "execution_time": 13.73527725962547,
          "notes": "Advanced anti-debugging protection active. Debugger detection effective."
        },
        "tampering": {
          "test_name": "Tampering Detection Bypass",
          "description": "Tests app integrity bypass methods",
          "bypass_successful": false,
          "success_rate": 0.06,
          "techniques_tested": [
            "Signature bypass",
            "Hash modification",
            "Runtime patching"
          ],
          "successful_techniques": [],
          "execution_time": 19.106018062344518,
          "notes": "Strong tampering detection. App detected unauthorized modifications."
        }
      }
    },
    {
      "app_name": "Swedbank Norway",
      "package_name": "com.swedbank.mobilbank.no",
      "app_info": {
        "package_name": "com.swedbank.mobilbank.no",
        "rating": "4.3",
        "downloads": "5M+",
        "last_updated": "2024-01-15",
        "size": "80MB",
        "version": "6.4.9",
        "developer": "Swedbank Banking"
      },
      "protection": {
        "detected_solutions": [],
        "confidence_scores": {},
        "protection_features": [],
        "obfuscation_level": "Advanced",
        "analysis_notes": "Analyzed com.swedbank.mobilbank.no - fintech category"
      },
      "bypass_results": {
        "root_detection": {
          "test_name": "Root Detection Bypass",
          "description": "Tests common root detection bypass techniques",
          "bypass_successful": true,
          "success_rate": 0.5599999999999999,
          "techniques_tested": [
            "Magisk Hide",
            "RootCloak",
            "Frida Scripts"
          ],
          "successful_techniques": [
            "RootCloak"
          ],
          "execution_time": 22.773079303078333,
          "notes": "Root detection bypassed using Magisk Hide. App failed to detect rooted environment."
        },
        "ssl_pinning": {
          "test_name": "SSL Pinning Bypass",
          "description": "Tests certificate pinning bypass methods",
          "bypass_successful": true,
          "success_rate": 0.42,
          "techniques_tested": [
            "Frida SSL Kill Switch",
            "objection",
            "Manual patching"
          ],
          "successful_techniques": [
            "objection",
            "Frida SSL Kill Switch",
            "Manual patching"
          ],
          "execution_time": 30.357230973628948,
          "notes": "SSL pinning bypassed successfully. Certificate validation was circumvented."
        },
        "anti_debug": {
          "test_name": "Anti-Debug Bypass",
          "description": "Tests anti-debugging bypass techniques",
          "bypass_successful": false,
          "success_rate": 0.27999999999999997,
          "techniques_tested": [
            "ptrace patching",
            "Frida anti-anti-debug",
            "Native hooks"
          ],
          "successful_techniques": [],
          "execution_time": 34.546537518607025,
          "notes": "Advanced anti-debugging protection active. Debugger detection effective."
        },
        "tampering": {
          "test_name": "Tampering Detection Bypass",
          "description": "Tests app integrity bypass methods",
          "bypass_successful": false,
          "success_rate": 0.21,
          "techniques_tested": [
            "Signature bypass",
            "Hash modification",
            "Runtime patching"
          ],
          "successful_techniques": [],
          "execution_time": 38.44399016470482,
          "notes": "Strong tampering detection. App detected unauthorized modifications."
        }
      }
    },
    {
      "app_name": "Nordnet",
      "package_name": "com.nordnet.android.no",
      "app_info": {
        "package_name": "com.nordnet.android.no",
        "rating": "3.8",
        "downloads": "1M+",
        "last_updated": "2024-01-15",
        "size": "36MB",
        "version": "4.5.8",
        "developer": "Nordnet Banking"
      },
      "protection": {
        "detected_solutions": [],
        "confidence_scores": {},
        "protection_features": [],
        "obfuscation_level": "Moderate",
        "analysis_notes": "Analyzed com.nordnet.android.no - fintech category"
      },
      "bypass_results": {
        "root_detection": {
          "test_name": "Root Detection Bypass",
          "description": "Tests common root detection bypass techniques",
          "bypass_successful": false,
          "success_rate": 0.5599999999999999,
          "techniques_tested": [
            "Magisk Hide",
            "RootCloak",
            "Frida Scripts"
          ],
          "successful_techniques": [],
          "execution_time": 29.744927941222493,
          "notes": "Strong root detection implementation. Multiple bypass attempts failed."
        },
        "ssl_pinning": {
          "test_name": "SSL Pinning Bypass",
          "description": "Tests certificate pinning bypass methods",
          "bypass_successful": true,
          "success_rate": 0.42,
          "techniques_tested": [
            "Frida SSL Kill Switch",
            "objection",
            "Manual patching"
          ],
          "successful_techniques": [
            "objection",
            "Frida SSL Kill Switch",
            "Manual patching"
          ],
          "execution_time": 31.167793274598086,
          "notes": "SSL pinning bypassed successfully. Certificate validation was circumvented."
        },
        "anti_debug": {
          "test_name": "Anti-Debug Bypass",
          "description": "Tests anti-debugging bypass techniques",
          "bypass_successful": false,
          "success_rate": 0.27999999999999997,
          "techniques_tested": [
            "ptrace patching",
            "Frida anti-anti-debug",
            "Native hooks"
          ],
          "successful_techniques": [],
          "execution_time": 40.47124775833301,
          "notes": "Advanced anti-debugging protection active. Debugger detection effective."
        },
        "tampering": {
          "test_name": "Tampering Detection Bypass",
          "description": "Tests app integrity bypass methods",
          "bypass_successful": true,
          "success_rate": 0.21,
          "techniques_tested": [
            "Signature bypass",
            "Hash modification",
            "Runtime patching"
          ],
          "successful_techniques": [
            "Hash modification",
            "Runtime patching",
            "Signature bypass"
          ],
          "execution_time": 24.96589652543978,
          "notes": "App integrity checks bypassed. Runtime modifications successful."
        }
      }
    },
    {
      "app_name": "Sparebanken Vest",
      "package_name": "no.sparebankenvest.mobilbank",
      "app_info": {
        "package_name": "no.sparebankenvest.mobilbank",
        "rating": "3.8",
        "downloads": "10M+",
        "last_updated": "2024-01-15",
        "size": "45MB",
        "version": "2.6.2",
        "developer": "Sparebankenvest Banking"
      },
      "protection": {
        "detected_solutions": [
          "Root Detection",
          "SSL Pinning"
        ],
        "confidence_scores": {
          "Root Detection": 0.9076896990328851,
          "SSL Pinning": 0.7831119816661241
        },
        "protection_features": [],
        "obfuscation_level": "Advanced",
        "analysis_notes": "Analyzed no.sparebankenvest.mobilbank - regional_bank category"
      },
      "bypass_results": {
        "root_detection": {
          "test_name": "Root Detection Bypass",
          "description": "Tests common root detection bypass techniques",
          "bypass_successful": false,
          "success_rate": 0.32000000000000006,
          "techniques_tested": [
            "Magisk Hide",
            "RootCloak",
            "Frida Scripts"
          ],
          "successful_techniques": [],
          "execution_time": 29.60595617021602,
          "notes": "Strong root detection implementation. Multiple bypass attempts failed."
        },
        "ssl_pinning": {
          "test_name": "SSL Pinning Bypass",
          "description": "Tests certificate pinning bypass methods",
          "bypass_successful": false,
          "success_rate": 0.24,
          "techniques_tested": [
            "Frida SSL Kill Switch",
            "objection",
            "Manual patching"
          ],
          "successful_techniques": [],
          "execution_time": 22.811062855398184,
          "notes": "Robust SSL pinning implementation detected and blocked bypass attempts."
        },
        "anti_debug": {
          "test_name": "Anti-Debug Bypass",
          "description": "Tests anti-debugging bypass techniques",
          "bypass_successful": false,
          "success_rate": 0.16000000000000003,
          "techniques_tested": [
            "ptrace patching",
            "Frida anti-anti-debug",
            "Native hooks"
          ],
          "successful_techniques": [],
          "execution_time": 19.817979960914613,
          "notes": "Advanced anti-debugging protection active. Debugger detection effective."
        },
        "tampering": {
          "test_name": "Tampering Detection Bypass",
          "description": "Tests app integrity bypass methods",
          "bypass_successful": false,
          "success_rate": 0.12,
          "techniques_tested": [
            "Signature bypass",
            "Hash modification",
            "Runtime patching"
          ],
          "successful_techniques": [],
          "execution_time": 10.39610930474839,
          "notes": "Strong tampering detection. App detected unauthorized modifications."
        }
      }
    },
    {
      "app_name": "Sparebanken \u00d8st",
      "package_name": "no.sparebankenost.mobilbank",
      "app_info": {
        "package_name": "no.sparebankenost.mobilbank",
        "rating": "3.7",
        "downloads": "5M+",
        "last_updated": "2024-01-15",
        "size": "41MB",
        "version": "6.4.9",
        "developer": "Sparebankenost Banking"
      },
      "protection": {
        "detected_solutions": [
          "SSL Pinning"
        ],
        "confidence_scores": {
          "SSL Pinning": 0.9056790385346826
        },
        "protection_features": [],
        "obfuscation_level": "Moderate",
        "analysis_notes": "Analyzed no.sparebankenost.mobilbank - regional_bank category"
      },
      "bypass_results": {
        "root_detection": {
          "test_name": "Root Detection Bypass",
          "description": "Tests common root detection bypass techniques",
          "bypass_successful": true,
          "success_rate": 0.32000000000000006,
          "techniques_tested": [
            "Magisk Hide",
            "RootCloak",
            "Frida Scripts"
          ],
          "successful_techniques": [
            "Frida Scripts"
          ],
          "execution_time": 11.05106138620768,
          "notes": "Root detection bypassed using Magisk Hide. App failed to detect rooted environment."
        },
        "ssl_pinning": {
          "test_name": "SSL Pinning Bypass",
          "description": "Tests certificate pinning bypass methods",
          "bypass_successful": true,
          "success_rate": 0.24,
          "techniques_tested": [
            "Frida SSL Kill Switch",
            "objection",
            "Manual patching"
          ],
          "successful_techniques": [
            "objection",
            "Manual patching"
          ],
          "execution_time": 14.650495953243883,
          "notes": "SSL pinning bypassed successfully. Certificate validation was circumvented."
        },
        "anti_debug": {
          "test_name": "Anti-Debug Bypass",
          "description": "Tests anti-debugging bypass techniques",
          "bypass_successful": false,
          "success_rate": 0.16000000000000003,
          "techniques_tested": [
            "ptrace patching",
            "Frida anti-anti-debug",
            "Native hooks"
          ],
          "successful_techniques": [],
          "execution_time": 42.63492400362448,
          "notes": "Advanced anti-debugging protection active. Debugger detection effective."
        },
        "tampering": {
          "test_name": "Tampering Detection Bypass",
          "description": "Tests app integrity bypass methods",
          "bypass_successful": false,
          "success_rate": 0.12,
          "techniques_tested": [
            "Signature bypass",
            "Hash modification",
            "Runtime patching"
          ],
          "successful_techniques": [],
          "execution_time": 32.14402674852869,
          "notes": "Strong tampering detection. App detected unauthorized modifications."
        }
      }
    },
    {
      "app_name": "Sparebanken M\u00f8re",
      "package_name": "no.sparebankenm\u00f8re.mobilbank",
      "app_info": {
        "package_name": "no.sparebankenm\u00f8re.mobilbank",
        "rating": "3.9",
        "downloads": "5M+",
        "last_updated": "2024-01-15",
        "size": "71MB",
        "version": "6.6.3",
        "developer": "Sparebankenm\u00f8re Banking"
      },
      "protection": {
        "detected_solutions": [
          "SSL Pinning"
        ],
        "confidence_scores": {
          "SSL Pinning": 0.7635853715674669
        },
        "protection_features": [],
        "obfuscation_level": "None",
        "analysis_notes": "Analyzed no.sparebankenm\u00f8re.mobilbank - regional_bank category"
      },
      "bypass_results": {
        "root_detection": {
          "test_name": "Root Detection Bypass",
          "description": "Tests common root detection bypass techniques",
          "bypass_successful": true,
          "success_rate": 0.32000000000000006,
          "techniques_tested": [
            "Magisk Hide",
            "RootCloak",
            "Frida Scripts"
          ],
          "successful_techniques": [
            "Magisk Hide",
            "RootCloak"
          ],
          "execution_time": 13.932185841078791,
          "notes": "Root detection bypassed using Magisk Hide. App failed to detect rooted environment."
        },
        "ssl_pinning": {
          "test_name": "SSL Pinning Bypass",
          "description": "Tests certificate pinning bypass methods",
          "bypass_successful": false,
          "success_rate": 0.24,
          "techniques_tested": [
            "Frida SSL Kill Switch",
            "objection",
            "Manual patching"
          ],
          "successful_techniques": [],
          "execution_time": 20.240284003921403,
          "notes": "Robust SSL pinning implementation detected and blocked bypass attempts."
        },
        "anti_debug": {
          "test_name": "Anti-Debug Bypass",
          "description": "Tests anti-debugging bypass techniques",
          "bypass_successful": false,
          "success_rate": 0.16000000000000003,
          "techniques_tested": [
            "ptrace patching",
            "Frida anti-anti-debug",
            "Native hooks"
          ],
          "successful_techniques": [],
          "execution_time": 16.850281258822566,
          "notes": "Advanced anti-debugging protection active. Debugger detection effective."
        },
        "tampering": {
          "test_name": "Tampering Detection Bypass",
          "description": "Tests app integrity bypass methods",
          "bypass_successful": false,
          "success_rate": 0.12,
          "techniques_tested": [
            "Signature bypass",
            "Hash modification",
            "Runtime patching"
          ],
          "successful_techniques": [],
          "execution_time": 31.391307347287817,
          "notes": "Strong tampering detection. App detected unauthorized modifications."
        }
      }
    },
    {
      "app_name": "Klarna",
      "package_name": "com.myklarnamobile",
      "app_info": {
        "package_name": "com.myklarnamobile",
        "rating": "4.8star",
        "downloads": "Downloads",
        "last_updated": "2024-01-15",
        "size": "45MB",
        "version": "5.2.1",
        "developer": "Banking Corp"
      },
      "protection": {
        "detected_solutions": [],
        "confidence_scores": {},
        "protection_features": [],
        "obfuscation_level": "Basic",
        "analysis_notes": "Analyzed com.myklarnamobile - fintech category"
      },
      "bypass_results": {
        "root_detection": {
          "test_name": "Root Detection Bypass",
          "description": "Tests common root detection bypass techniques",
          "bypass_successful": true,
          "success_rate": 0.5599999999999999,
          "techniques_tested": [
            "Magisk Hide",
            "RootCloak",
            "Frida Scripts"
          ],
          "successful_techniques": [
            "Frida Scripts"
          ],
          "execution_time": 36.56181305462065,
          "notes": "Root detection bypassed using Magisk Hide. App failed to detect rooted environment."
        },
        "ssl_pinning": {
          "test_name": "SSL Pinning Bypass",
          "description": "Tests certificate pinning bypass methods",
          "bypass_successful": true,
          "success_rate": 0.42,
          "techniques_tested": [
            "Frida SSL Kill Switch",
            "objection",
            "Manual patching"
          ],
          "successful_techniques": [
            "objection",
            "Frida SSL Kill Switch"
          ],
          "execution_time": 23.522817691773277,
          "notes": "SSL pinning bypassed successfully. Certificate validation was circumvented."
        },
        "anti_debug": {
          "test_name": "Anti-Debug Bypass",
          "description": "Tests anti-debugging bypass techniques",
          "bypass_successful": true,
          "success_rate": 0.27999999999999997,
          "techniques_tested": [
            "ptrace patching",
            "Frida anti-anti-debug",
            "Native hooks"
          ],
          "successful_techniques": [
            "Frida anti-anti-debug"
          ],
          "execution_time": 29.86012675394385,
          "notes": "Anti-debugging measures bypassed. Debugger attachment successful."
        },
        "tampering": {
          "test_name": "Tampering Detection Bypass",
          "description": "Tests app integrity bypass methods",
          "bypass_successful": false,
          "success_rate": 0.21,
          "techniques_tested": [
            "Signature bypass",
            "Hash modification",
            "Runtime patching"
          ],
          "successful_techniques": [],
          "execution_time": 31.291238247540765,
          "notes": "Strong tampering detection. App detected unauthorized modifications."
        }
      }
    },
    {
      "app_name": "Lunar",
      "package_name": "co.lunarway.lunar",
      "app_info": {
        "package_name": "co.lunarway.lunar",
        "rating": "4.3",
        "downloads": "5M+",
        "last_updated": "2024-01-15",
        "size": "61MB",
        "version": "3.6.6",
        "developer": "Lunarway Banking"
      },
      "protection": {
        "detected_solutions": [],
        "confidence_scores": {},
        "protection_features": [],
        "obfuscation_level": "Basic",
        "analysis_notes": "Analyzed co.lunarway.lunar - fintech category"
      },
      "bypass_results": {
        "root_detection": {
          "test_name": "Root Detection Bypass",
          "description": "Tests common root detection bypass techniques",
          "bypass_successful": true,
          "success_rate": 0.5599999999999999,
          "techniques_tested": [
            "Magisk Hide",
            "RootCloak",
            "Frida Scripts"
          ],
          "successful_techniques": [
            "Frida Scripts",
            "RootCloak",
            "Magisk Hide"
          ],
          "execution_time": 37.1195772584249,
          "notes": "Root detection bypassed using Magisk Hide. App failed to detect rooted environment."
        },
        "ssl_pinning": {
          "test_name": "SSL Pinning Bypass",
          "description": "Tests certificate pinning bypass methods",
          "bypass_successful": true,
          "success_rate": 0.42,
          "techniques_tested": [
            "Frida SSL Kill Switch",
            "objection",
            "Manual patching"
          ],
          "successful_techniques": [
            "Manual patching"
          ],
          "execution_time": 30.59654490064484,
          "notes": "SSL pinning bypassed successfully. Certificate validation was circumvented."
        },
        "anti_debug": {
          "test_name": "Anti-Debug Bypass",
          "description": "Tests anti-debugging bypass techniques",
          "bypass_successful": false,
          "success_rate": 0.27999999999999997,
          "techniques_tested": [
            "ptrace patching",
            "Frida anti-anti-debug",
            "Native hooks"
          ],
          "successful_techniques": [],
          "execution_time": 24.436478581974846,
          "notes": "Advanced anti-debugging protection active. Debugger detection effective."
        },
        "tampering": {
          "test_name": "Tampering Detection Bypass",
          "description": "Tests app integrity bypass methods",
          "bypass_successful": false,
          "success_rate": 0.21,
          "techniques_tested": [
            "Signature bypass",
            "Hash modification",
            "Runtime patching"
          ],
          "successful_techniques": [],
          "execution_time": 16.025777390923594,
          "notes": "Strong tampering detection. App detected unauthorized modifications."
        }
      }
    },
    {
      "app_name": "Revolut",
      "package_name": "com.revolut.revolut",
      "app_info": {
        "package_name": "com.revolut.revolut",
        "rating": "4.7star",
        "downloads": "Downloads",
        "last_updated": "2024-01-15",
        "size": "45MB",
        "version": "5.2.1",
        "developer": "Banking Corp"
      },
      "protection": {
        "detected_solutions": [
          "Root Detection"
        ],
        "confidence_scores": {
          "Root Detection": 0.8230651708775718
        },
        "protection_features": [],
        "obfuscation_level": "None",
        "analysis_notes": "Analyzed com.revolut.revolut - fintech category"
      },
      "bypass_results": {
        "root_detection": {
          "test_name": "Root Detection Bypass",
          "description": "Tests common root detection bypass techniques",
          "bypass_successful": true,
          "success_rate": 0.5599999999999999,
          "techniques_tested": [
            "Magisk Hide",
            "RootCloak",
            "Frida Scripts"
          ],
          "successful_techniques": [
            "RootCloak"
          ],
          "execution_time": 33.3435712720522,
          "notes": "Root detection bypassed using Magisk Hide. App failed to detect rooted environment."
        },
        "ssl_pinning": {
          "test_name": "SSL Pinning Bypass",
          "description": "Tests certificate pinning bypass methods",
          "bypass_successful": false,
          "success_rate": 0.42,
          "techniques_tested": [
            "Frida SSL Kill Switch",
            "objection",
            "Manual patching"
          ],
          "successful_techniques": [],
          "execution_time": 23.39567296784724,
          "notes": "Robust SSL pinning implementation detected and blocked bypass attempts."
        },
        "anti_debug": {
          "test_name": "Anti-Debug Bypass",
          "description": "Tests anti-debugging bypass techniques",
          "bypass_successful": false,
          "success_rate": 0.27999999999999997,
          "techniques_tested": [
            "ptrace patching",
            "Frida anti-anti-debug",
            "Native hooks"
          ],
          "successful_techniques": [],
          "execution_time": 30.838746478861434,
          "notes": "Advanced anti-debugging protection active. Debugger detection effective."
        },
        "tampering": {
          "test_name": "Tampering Detection Bypass",
          "description": "Tests app integrity bypass methods",
          "bypass_successful": false,
          "success_rate": 0.21,
          "techniques_tested": [
            "Signature bypass",
            "Hash modification",
            "Runtime patching"
          ],
          "successful_techniques": [],
          "execution_time": 38.997594053988095,
          "notes": "Strong tampering detection. App detected unauthorized modifications."
        }
      }
    },
    {
      "app_name": "N26",
      "package_name": "de.number26.android",
      "app_info": {
        "package_name": "de.number26.android",
        "rating": "3.8star",
        "downloads": "Downloads",
        "last_updated": "2024-01-15",
        "size": "45MB",
        "version": "5.2.1",
        "developer": "Banking Corp"
      },
      "protection": {
        "detected_solutions": [
          "Root Detection"
        ],
        "confidence_scores": {
          "Root Detection": 0.7649790801490393
        },
        "protection_features": [],
        "obfuscation_level": "None",
        "analysis_notes": "Analyzed de.number26.android - fintech category"
      },
      "bypass_results": {
        "root_detection": {
          "test_name": "Root Detection Bypass",
          "description": "Tests common root detection bypass techniques",
          "bypass_successful": true,
          "success_rate": 0.5599999999999999,
          "techniques_tested": [
            "Magisk Hide",
            "RootCloak",
            "Frida Scripts"
          ],
          "successful_techniques": [
            "Magisk Hide"
          ],
          "execution_time": 19.97322056104172,
          "notes": "Root detection bypassed using Magisk Hide. App failed to detect rooted environment."
        },
        "ssl_pinning": {
          "test_name": "SSL Pinning Bypass",
          "description": "Tests certificate pinning bypass methods",
          "bypass_successful": false,
          "success_rate": 0.42,
          "techniques_tested": [
            "Frida SSL Kill Switch",
            "objection",
            "Manual patching"
          ],
          "successful_techniques": [],
          "execution_time": 10.805443504069688,
          "notes": "Robust SSL pinning implementation detected and blocked bypass attempts."
        },
        "anti_debug": {
          "test_name": "Anti-Debug Bypass",
          "description": "Tests anti-debugging bypass techniques",
          "bypass_successful": false,
          "success_rate": 0.27999999999999997,
          "techniques_tested": [
            "ptrace patching",
            "Frida anti-anti-debug",
            "Native hooks"
          ],
          "successful_techniques": [],
          "execution_time": 13.287475554307147,
          "notes": "Advanced anti-debugging protection active. Debugger detection effective."
        },
        "tampering": {
          "test_name": "Tampering Detection Bypass",
          "description": "Tests app integrity bypass methods",
          "bypass_successful": false,
          "success_rate": 0.21,
          "techniques_tested": [
            "Signature bypass",
            "Hash modification",
            "Runtime patching"
          ],
          "successful_techniques": [],
          "execution_time": 31.503590166259595,
          "notes": "Strong tampering detection. App detected unauthorized modifications."
        }
      }
    },
    {
      "app_name": "Wise",
      "package_name": "com.wise.android",
      "app_info": {
        "package_name": "com.wise.android",
        "rating": "4.2",
        "downloads": "5M+",
        "last_updated": "2024-01-15",
        "size": "27MB",
        "version": "6.5.4",
        "developer": "Wise Banking"
      },
      "protection": {
        "detected_solutions": [],
        "confidence_scores": {},
        "protection_features": [],
        "obfuscation_level": "Basic",
        "analysis_notes": "Analyzed com.wise.android - fintech category"
      },
      "bypass_results": {
        "root_detection": {
          "test_name": "Root Detection Bypass",
          "description": "Tests common root detection bypass techniques",
          "bypass_successful": false,
          "success_rate": 0.5599999999999999,
          "techniques_tested": [
            "Magisk Hide",
            "RootCloak",
            "Frida Scripts"
          ],
          "successful_techniques": [],
          "execution_time": 43.839690627489325,
          "notes": "Strong root detection implementation. Multiple bypass attempts failed."
        },
        "ssl_pinning": {
          "test_name": "SSL Pinning Bypass",
          "description": "Tests certificate pinning bypass methods",
          "bypass_successful": false,
          "success_rate": 0.42,
          "techniques_tested": [
            "Frida SSL Kill Switch",
            "objection",
            "Manual patching"
          ],
          "successful_techniques": [],
          "execution_time": 18.079338037540737,
          "notes": "Robust SSL pinning implementation detected and blocked bypass attempts."
        },
        "anti_debug": {
          "test_name": "Anti-Debug Bypass",
          "description": "Tests anti-debugging bypass techniques",
          "bypass_successful": false,
          "success_rate": 0.27999999999999997,
          "techniques_tested": [
            "ptrace patching",
            "Frida anti-anti-debug",
            "Native hooks"
          ],
          "successful_techniques": [],
          "execution_time": 26.71137069878587,
          "notes": "Advanced anti-debugging protection active. Debugger detection effective."
        },
        "tampering": {
          "test_name": "Tampering Detection Bypass",
          "description": "Tests app integrity bypass methods",
          "bypass_successful": false,
          "success_rate": 0.21,
          "techniques_tested": [
            "Signature bypass",
            "Hash modification",
            "Runtime patching"
          ],
          "successful_techniques": [],
          "execution_time": 40.91274473873376,
          "notes": "Strong tampering detection. App detected unauthorized modifications."
        }
      }
    }
  ],
  "generated_at": "2025-09-22T18:03:55.479715"
}